Species,region,Biomass,Biomass sd,Sv,Sv sd,BiomassBout,BiomassBout sd
bw,Temperate,0.629646079,2.464560953,-49.96863898,2.711097518,0.813864537,1.92871624
bp,Temperate,0.620866221,2.4980324,-49.98128025,2.664756326,0.764053643,2.014308432
mn,Temperate,0.557774687,2.499729589,-50.25029297,2.677734112,0.719108756,1.845771743
mn,Polar,0.153530037,2.045658889,-50.42015261,2.943669543,0.158128413,1.810109664
bb,Polar,0.153530037,2.045658889,-50.42015261,2.943669543,0.158128413,1.810109664
bw,Polar,0.153530037,2.045658889,-50.42015261,2.943669543,0.158128413,1.810109664
bp,Polar,0.153530037,2.045658889,-50.42015261,2.943669543,0.158128413,1.810109664